Title,Company,Time
Python Data Crawler and Pipeline Manager,ProperBird -,not mentioned
Senior Java/ Scala Backend Developer with Python experience- Remote,GetTechForce.com -,12 days ago
Junior Odoo / Python Developer,Ulemt -,11 days ago
Senior Full Stack Python Developer,Luftborn -,1 month ago
Python Technical Lead,RDI -,1 month ago
Senior Python Developer,"Nile Bits, LLC -",1 month ago
Wagtail (Python Django) Developer Remote - Urgent,GetTechForce.com -,1 month ago
Senior Python / Django Developer,RDI -,1 month ago
Junior Python Developer,RDI -,1 month ago
Senior Full Stack Python Engineer,Amwal Tech -,2 months ago
Python Developer,OdooTec -,2 months ago
Python - Odoo Developer,Be In Track -,2 months ago
Senior Python Developer (Relocation),Musala Soft -,2 months ago
Full Stack Developer,Dafater -,not mentioned
Devops Engineer,intella -,not mentioned
